<?xml version="1.0" encoding="UTF-8" standalone="yes"?>
<addon id="plugin.video.burningseries"
	   name="Burning Series"
	   version="2.0.0.0"
	   provider-name="Maufeat">
  <requires>
	<import addon="script.module.t0mm0.common"/>
	<import addon="script.module.urlresolver"/>
	</requires>
  <extension point="xbmc.python.pluginsource"
			 library="main.py">
    	<provides>video</provides>
  </extension>
  <extension point="xbmc.addon.metadata">
    <summary>Burning Series Player</summary>
    <description>Series and Movies, generally in german</description>
    <platform>all</platform>
  </extension>
</addon>