﻿<?xml version="1.0" encoding="UTF-8" standalone="yes"?>
<addon id="repository.vbprofi" name="vbprofi Repository" version="1.0.3" provider-name="vbprofi">
    <extension point="xbmc.addon.repository" name="vbprofi Repository">
        <info compressed="false">http://raw.github.com/vbprofi/kodi-repo/master/addons.xml</info>
        <checksum>http://raw.github.com/vbprofi/kodi-repo/master/addons.xml.md5</checksum>
        <datadir zip="true">http://raw.github.com/vbprofi/kodi-repo/master/zips/</datadir>
        <dir>
            <info compressed="false">http://raw.github.com/vbprofi/kodi-repo/master/addons.xml</info>
            <checksum>http://raw.github.com/vbprofi/kodi-repo/master/addons.xml.md5</checksum>
            <datadir zip="true">http://raw.github.com/vbprofi/kodi-repo/master/zips/</datadir>
        </dir>
    </extension>
    <extension point="xbmc.addon.metadata">
        <summary lang="de">vbprofi Repository</summary>
        <description lang="de">Dies ist das offizielle vbprofi Addon-Verzeichnis.[CR]Bei der Bereitstellung einer neuen Version von den Addons wird diese auf Funktionalität geprüft. Sollten dennoch Probleme auftreten benachrichtige bitte mich.</description>
        <disclaimer lang="de">Die dargestellten Inhalte des in diesem Verzeichnis enthaltenen Addons werden von den Erstellern des Addons weder gehostet oder verbreitet, noch stehen die Ersteller in irgendeiner Beziehung zu den Content-Anbietern.</disclaimer>
        <description lang="en">Download and install Addons from the Official vbprofi Addon-Repository.[CR]Before a new version of Addons is provided to this repository the addon was checked for functionality. Please informs me if you should have problems anyway.</description>
        <disclaimer lang="en">The creators of the addons in this repository do not host or distribute any of the content displayed by the addons nor do they have any affiliation with the content providers.</disclaimer>
                        <platform>all</platform>
    </extension>
</addon>
