<?xml version="1.0" encoding="UTF-8" standalone="yes"?>
<addon id="plugin.video.xstream" name="xStream" version="3.5.20" provider-name="xStream-Team">
 <requires>
    <import addon="script.module.requests"/>
    <import addon="script.module.urlresolver"/>
    <import addon="script.module.six" version="1.11.0"/>
    <import addon="repository.xstream" optional="true"/>
    <import addon="script.module.inputstreamhelper" version="0.3.3" optional="true"/>
 </requires>
 <extension point="xbmc.python.pluginsource" library="default.py">
   <provides>video</provides>
 </extension>
     <extension point="xbmc.service" library="service.py" start="startup" />
 <extension point="xbmc.addon.metadata">
   <summary lang="de">Watch xStream!</summary>
   <description lang="de">Mit diesem Addon kannst du auf alle angebotenen Streams verschiedenster deutschen Quellen zugreifen</description>
   <disclaimer lang="de">Die von diesem Addon dargestellten Inhalte werden von den Erstellern des Addons weder gehostet oder verbreitet, noch stehen die Ersteller in irgendeiner Beziehung zu den Content-Anbietern.</disclaimer>
   <source>https://github.com/streamxstream/plugin.video.xstream</source>
   <license>GNU GPLv3</license>
   <platform>all</platform>
   <news>
3.5.20
- [view4u] seite überarbeitet
- [general] code optimiert BIG TNX damnms
- [streamworld] Seite hinzugefügt
- [kinoger] fix hoster TNX kasi
- [view4U] Seite hinzugefügt
- [moviestream] Seite entfernt
- [topstreamfilm] Seite entfernt
- [kinox] fix hoster
- [TMDB] Fix Problem mit Jahr
- xStream Einstellungen TMDB neu gestaltet
- [general] Globale Suche abbrechbar
- [alleserien] fix year
- [general] staffel erkennung verbessert
- [kinoger] fix hoster protonvideo
- [Erweiterte Info (TMDB)] Cast überarbeitet
- [Erweiterte Info (TMDB)] Trailers überarbeitet
- [TMDB] überarbeitet und code cleanup
- [kinoag] add site
- [hd-streams.to] entfernt
- [stream_to] entfernt
- [s.to] TMDB deaktiviert bei "Alle Serien"
- [TMDB] fix ValueError invalid literal for int
- [TMDB] serien erkennung erhöht, overhead reduziert, code cleanup
- [topstreamfilm] add Beliebte, code cleanup
- [TMDB] episodes add support crew
- [filmpalast] fix episodes
- [moviestream] fix episodes
- [movietown] fix episodes
- [TMDB] episodes unterstützung hinzugefügt
- [Erweiterte Info (TMDB)] Info überarbeitet

   </news>
   <assets>
     <icon>icon.png</icon>
     <fanart>fanart.jpg</fanart>
     <screenshot>resources/art/screenshot-01.jpg</screenshot>
     <screenshot>resources/art/screenshot-02.jpg</screenshot>
   </assets>
 </extension>
</addon>
